"","sample","Cell_A","Cell_A_num","Cell_A_count","Cell_B","Cell_B_num","Cell_B_count ","original_CLQ","percentile","significant"
"1","TAFs1","PanCK+Vim+MUC1+","1","69","PanCK+Vim+MUC1+","1","69","111.546035805627","1",TRUE
"2","TAFs1","PanCK+Vim+MUC1+","1","69","PanCK+Vim+MUC1-","2","65","29.6853957636566","0.988",TRUE
"3","TAFs1","PanCK+Vim+MUC1+","1","69","PanCK+Vim-MUC1+","3","955","23.5489490856666","1",TRUE
"4","TAFs1","PanCK+Vim+MUC1+","1","69","PanCK+Vim-MUC1-","4","358","21.5592259736054","0.756",FALSE
"5","TAFs1","PanCK+Vim+MUC1+","1","69","PanCK-Vim-MUC1-","5","518","19.6525935873762","0.408",FALSE
"6","TAFs1","PanCK+Vim+MUC1+","1","69","PanCK-Vim+MUC1+","6","12","0","0.002",TRUE
"7","TAFs1","PanCK+Vim+MUC1+","1","69","PanCK-Vim+MUC1-","7","170","14.8728047740835","0.034",TRUE
"8","TAFs1","PanCK+Vim+MUC1+","1","69","PanCK-Vim-MUC1+","8","105","18.3766735679779","0.388",FALSE
"9","TAFs1","PanCK+Vim+MUC1+","1","69","aSMA+CD90+PDGFRb+PDPN+CAV1+","9","807","16.0775281504229","0",TRUE
"10","TAFs1","PanCK+Vim+MUC1+","1","69","aSMA+CD90+PDGFRb-PDPN+CAV1+","10","41","24.3425238600212","0.832",FALSE
"11","TAFs1","PanCK+Vim+MUC1+","1","69","aSMA+CD90+PDGFRb-PDPN-CAV1+","11","59","13.5327929255711","0.104",FALSE
"12","TAFs1","PanCK+Vim+MUC1+","1","69","aSMA+CD90+PDGFRb-PDPN-CAV1-","12","255","15.9165103722648","0.04",TRUE
"13","TAFs1","PanCK+Vim+MUC1+","1","69","aSMA+CD90-PDGFRb-PDPN-CAV1+","13","14","4.75258799171843","0.014",TRUE
"14","TAFs1","PanCK+Vim+MUC1+","1","69","aSMA+CD90-PDGFRb-PDPN-CAV1-","14","72","2.77234299516908","0",TRUE
"15","TAFs1","PanCK+Vim+MUC1+","1","69","CD90+PDGFRb-PDPN-CAV1-","15","358","21.3733705772812","0.77",FALSE
"16","TAFs1","PanCK+Vim+MUC1+","1","69","CD90-PDGFRb+PDPN-CAV1-","16","145","13.3072463768116","0.008",TRUE
"17","TAFs1","PanCK+Vim+MUC1+","1","69","CD90-PDGFRb-PDPN+CAV1-","17","482","14.3563653857718","0",TRUE
"18","TAFs1","PanCK+Vim+MUC1+","1","69","CD90-PDGFRb-PDPN-CAV1+","18","107","17.4113503995666","0.23",FALSE
"19","TAFs1","PanCK+Vim+MUC1-","2","65","PanCK+Vim+MUC1+","1","69","32.7562987736901","0.998",TRUE
"20","TAFs1","PanCK+Vim+MUC1-","2","65","PanCK+Vim+MUC1-","2","65","52.9730769230769","1",TRUE
"21","TAFs1","PanCK+Vim+MUC1-","2","65","PanCK+Vim-MUC1+","3","955","24.0366492146597","1",TRUE
"22","TAFs1","PanCK+Vim+MUC1-","2","65","PanCK+Vim-MUC1-","4","358","33.1451654490761","1",TRUE
"23","TAFs1","PanCK+Vim+MUC1-","2","65","PanCK-Vim-MUC1-","5","518","15.2715176715177","0",TRUE
"24","TAFs1","PanCK+Vim+MUC1-","2","65","PanCK-Vim+MUC1+","6","12","0","0.002",TRUE
"25","TAFs1","PanCK+Vim+MUC1-","2","65","PanCK-Vim+MUC1-","7","170","20.3582805429864","0.622",FALSE
"26","TAFs1","PanCK+Vim+MUC1-","2","65","PanCK-Vim-MUC1+","8","105","13.4534798534799","0.02",TRUE
"27","TAFs1","PanCK+Vim+MUC1-","2","65","aSMA+CD90+PDGFRb+PDPN+CAV1+","9","807","9.18987703746068","0",TRUE
"28","TAFs1","PanCK+Vim+MUC1-","2","65","aSMA+CD90+PDGFRb-PDPN+CAV1+","10","41","8.61350844277674","0.008",TRUE
"29","TAFs1","PanCK+Vim+MUC1-","2","65","aSMA+CD90+PDGFRb-PDPN-CAV1+","11","59","15.5627118644068","0.136",FALSE
"30","TAFs1","PanCK+Vim+MUC1-","2","65","aSMA+CD90+PDGFRb-PDPN-CAV1-","12","255","12.4642533936652","0",TRUE
"31","TAFs1","PanCK+Vim+MUC1-","2","65","aSMA+CD90-PDGFRb-PDPN-CAV1+","13","14","5.04505494505495","0.012",TRUE
"32","TAFs1","PanCK+Vim+MUC1-","2","65","aSMA+CD90-PDGFRb-PDPN-CAV1-","14","72","6.86688034188034","0",TRUE
"33","TAFs1","PanCK+Vim+MUC1-","2","65","CD90+PDGFRb-PDPN-CAV1-","15","358","19.9265577997422","0.482",FALSE
"34","TAFs1","PanCK+Vim+MUC1-","2","65","CD90-PDGFRb+PDPN-CAV1-","16","145","25.8167639257294","0.974",TRUE
"35","TAFs1","PanCK+Vim+MUC1-","2","65","CD90-PDGFRb-PDPN+CAV1-","17","482","27.4023938716885","1",TRUE
"36","TAFs1","PanCK+Vim+MUC1-","2","65","CD90-PDGFRb-PDPN-CAV1+","18","107","19.1429187634795","0.432",FALSE
"37","TAFs1","PanCK+Vim-MUC1+","3","955","PanCK+Vim+MUC1+","1","69","23.4792776386676","1",TRUE
"38","TAFs1","PanCK+Vim-MUC1+","3","955","PanCK+Vim+MUC1-","2","65","23.8147724526782","1",TRUE
"39","TAFs1","PanCK+Vim-MUC1+","3","955","PanCK+Vim-MUC1+","3","955","38.6047735080729","1",TRUE
"40","TAFs1","PanCK+Vim-MUC1+","3","955","PanCK+Vim-MUC1-","4","358","20.8541431454561","0.966",TRUE
"41","TAFs1","PanCK+Vim-MUC1+","3","955","PanCK-Vim-MUC1-","5","518","17.2989629869211","0",TRUE
"42","TAFs1","PanCK+Vim-MUC1+","3","955","PanCK-Vim+MUC1+","6","12","9.61465968586387","0",TRUE
"43","TAFs1","PanCK+Vim-MUC1+","3","955","PanCK-Vim+MUC1-","7","170","13.262574684324","0",TRUE
"44","TAFs1","PanCK+Vim-MUC1+","3","955","PanCK-Vim-MUC1+","8","105","17.3979556220394","0.004",TRUE
"45","TAFs1","PanCK+Vim-MUC1+","3","955","aSMA+CD90+PDGFRb+PDPN+CAV1+","9","807","10.2103635077885","0",TRUE
"46","TAFs1","PanCK+Vim-MUC1+","3","955","aSMA+CD90+PDGFRb-PDPN+CAV1+","10","41","16.8842804239561","0.01",TRUE
"47","TAFs1","PanCK+Vim-MUC1+","3","955","aSMA+CD90+PDGFRb-PDPN-CAV1+","11","59","10.6739018546455","0",TRUE
"48","TAFs1","PanCK+Vim-MUC1+","3","955","aSMA+CD90+PDGFRb-PDPN-CAV1-","12","255","9.27531875577456","0",TRUE
"49","TAFs1","PanCK+Vim-MUC1+","3","955","aSMA+CD90-PDGFRb-PDPN-CAV1+","13","14","16.4822737471952","0.104",FALSE
"50","TAFs1","PanCK+Vim-MUC1+","3","955","aSMA+CD90-PDGFRb-PDPN-CAV1-","14","72","13.0866201279814","0",TRUE
"51","TAFs1","PanCK+Vim-MUC1+","3","955","CD90+PDGFRb-PDPN-CAV1-","15","358","17.0405071806721","0",TRUE
"52","TAFs1","PanCK+Vim-MUC1+","3","955","CD90-PDGFRb+PDPN-CAV1-","16","145","16.2454594692183","0",TRUE
"53","TAFs1","PanCK+Vim-MUC1+","3","955","CD90-PDGFRb-PDPN+CAV1-","17","482","16.2372053616041","0",TRUE
"54","TAFs1","PanCK+Vim-MUC1+","3","955","CD90-PDGFRb-PDPN-CAV1+","18","107","16.9829035572736","0",TRUE
"55","TAFs1","PanCK+Vim-MUC1-","4","358","PanCK+Vim+MUC1+","1","69","19.5148166140393","0.382",FALSE
"56","TAFs1","PanCK+Vim-MUC1-","4","358","PanCK+Vim+MUC1-","2","65","32.7505801461109","1",TRUE
"57","TAFs1","PanCK+Vim-MUC1-","4","358","PanCK+Vim-MUC1+","3","955","21.8478370236041","1",TRUE
"58","TAFs1","PanCK+Vim-MUC1-","4","358","PanCK+Vim-MUC1-","4","358","59.0910833607186","1",TRUE
"59","TAFs1","PanCK+Vim-MUC1-","4","358","PanCK-Vim-MUC1-","5","518","17.2554895278359","0",TRUE
"60","TAFs1","PanCK+Vim-MUC1-","4","358","PanCK-Vim+MUC1+","6","12","6.41201117318436","0",TRUE
"61","TAFs1","PanCK+Vim-MUC1-","4","358","PanCK-Vim+MUC1-","7","170","13.0503286230693","0",TRUE
"62","TAFs1","PanCK+Vim-MUC1-","4","358","PanCK-Vim-MUC1+","8","105","20.0299015695664","0.502",FALSE
"63","TAFs1","PanCK+Vim-MUC1-","4","358","aSMA+CD90+PDGFRb+PDPN+CAV1+","9","807","4.6878396433442","0",TRUE
"64","TAFs1","PanCK+Vim-MUC1-","4","358","aSMA+CD90+PDGFRb-PDPN+CAV1+","10","41","25.6480446927374","0.99",TRUE
"65","TAFs1","PanCK+Vim-MUC1-","4","358","aSMA+CD90+PDGFRb-PDPN-CAV1+","11","59","7.39011457248367","0",TRUE
"66","TAFs1","PanCK+Vim-MUC1-","4","358","aSMA+CD90+PDGFRb-PDPN-CAV1-","12","255","7.74470369153248","0",TRUE
"67","TAFs1","PanCK+Vim-MUC1-","4","358","aSMA+CD90-PDGFRb-PDPN-CAV1+","13","14","2.74800478850758","0",TRUE
"68","TAFs1","PanCK+Vim-MUC1-","4","358","aSMA+CD90-PDGFRb-PDPN-CAV1-","14","72","10.3304624456859","0",TRUE
"69","TAFs1","PanCK+Vim-MUC1-","4","358","CD90+PDGFRb-PDPN-CAV1-","15","358","21.0270980930683","0.896",FALSE
"70","TAFs1","PanCK+Vim-MUC1-","4","358","CD90-PDGFRb+PDPN-CAV1-","16","145","23.8792140242728","1",TRUE
"71","TAFs1","PanCK+Vim-MUC1-","4","358","CD90-PDGFRb-PDPN+CAV1-","17","482","22.7480064442848","1",TRUE
"72","TAFs1","PanCK+Vim-MUC1-","4","358","CD90-PDGFRb-PDPN-CAV1+","18","107","28.6443115960946","1",TRUE
"73","TAFs1","PanCK-Vim-MUC1-","5","518","PanCK+Vim+MUC1+","1","69","17.4689720776677","0.082",FALSE
"74","TAFs1","PanCK-Vim-MUC1-","5","518","PanCK+Vim+MUC1-","2","65","14.3170478170478","0",TRUE
"75","TAFs1","PanCK-Vim-MUC1-","5","518","PanCK+Vim-MUC1+","3","955","18.0414077503083","0",TRUE
"76","TAFs1","PanCK-Vim-MUC1-","5","518","PanCK+Vim-MUC1-","4","358","17.4535439270076","0",TRUE
"77","TAFs1","PanCK-Vim-MUC1-","5","518","PanCK-Vim-MUC1-","5","518","51.2061604295647","1",TRUE
"78","TAFs1","PanCK-Vim-MUC1-","5","518","PanCK-Vim+MUC1+","6","12","15.5101351351351","0.154",FALSE
"79","TAFs1","PanCK-Vim-MUC1-","5","518","PanCK-Vim+MUC1-","7","170","18.1429479900068","0.044",TRUE
"80","TAFs1","PanCK-Vim-MUC1-","5","518","PanCK-Vim-MUC1+","8","105","34.016786173929","1",TRUE
"81","TAFs1","PanCK-Vim-MUC1-","5","518","aSMA+CD90+PDGFRb+PDPN+CAV1+","9","807","8.05022414873716","0",TRUE
"82","TAFs1","PanCK-Vim-MUC1-","5","518","aSMA+CD90+PDGFRb-PDPN+CAV1+","10","41","16.6450230718523","0.078",FALSE
"83","TAFs1","PanCK-Vim-MUC1-","5","518","aSMA+CD90+PDGFRb-PDPN-CAV1+","11","59","9.91446894836725","0",TRUE
"84","TAFs1","PanCK-Vim-MUC1-","5","518","aSMA+CD90+PDGFRb-PDPN-CAV1-","12","255","13.7983723219017","0",TRUE
"85","TAFs1","PanCK-Vim-MUC1-","5","518","aSMA+CD90-PDGFRb-PDPN-CAV1+","13","14","5.69760066188638","0",TRUE
"86","TAFs1","PanCK-Vim-MUC1-","5","518","aSMA+CD90-PDGFRb-PDPN-CAV1-","14","72","11.4479568854569","0",TRUE
"87","TAFs1","PanCK-Vim-MUC1-","5","518","CD90+PDGFRb-PDPN-CAV1-","15","358","19.1370063199672","0.114",FALSE
"88","TAFs1","PanCK-Vim-MUC1-","5","518","CD90-PDGFRb+PDPN-CAV1-","16","145","20.8431766742112","0.764",FALSE
"89","TAFs1","PanCK-Vim-MUC1-","5","518","CD90-PDGFRb-PDPN+CAV1-","17","482","18.8291385635784","0.016",TRUE
"90","TAFs1","PanCK-Vim-MUC1-","5","518","CD90-PDGFRb-PDPN-CAV1+","18","107","15.98641431819","0.006",TRUE
"91","TAFs1","PanCK-Vim+MUC1+","6","12","PanCK+Vim+MUC1+","1","69","5.54468599033816","0.14",FALSE
"92","TAFs1","PanCK-Vim+MUC1+","6","12","PanCK+Vim+MUC1-","2","65","5.88589743589744","0.046",TRUE
"93","TAFs1","PanCK-Vim+MUC1+","6","12","PanCK+Vim-MUC1+","3","955","8.41282722513089","0",TRUE
"94","TAFs1","PanCK-Vim+MUC1+","6","12","PanCK+Vim-MUC1-","4","358","5.3433426443203","0",TRUE
"95","TAFs1","PanCK-Vim+MUC1+","6","12","PanCK-Vim-MUC1-","5","518","15.5101351351351","0.146",FALSE
"96","TAFs1","PanCK-Vim+MUC1+","6","12","PanCK-Vim+MUC1+","6","12","1043.40909090909","1",TRUE
"97","TAFs1","PanCK-Vim+MUC1+","6","12","PanCK-Vim+MUC1-","7","170","51.7612745098039","1",TRUE
"98","TAFs1","PanCK-Vim+MUC1+","6","12","PanCK-Vim-MUC1+","8","105","109.309523809524","1",TRUE
"99","TAFs1","PanCK-Vim+MUC1+","6","12","aSMA+CD90+PDGFRb+PDPN+CAV1+","9","807","14.2224287484511","0.012",TRUE
"100","TAFs1","PanCK-Vim+MUC1+","6","12","aSMA+CD90+PDGFRb-PDPN+CAV1+","10","41","0","0.002",TRUE
"101","TAFs1","PanCK-Vim+MUC1+","6","12","aSMA+CD90+PDGFRb-PDPN-CAV1+","11","59","19.4533898305085","0.352",FALSE
"102","TAFs1","PanCK-Vim+MUC1+","6","12","aSMA+CD90+PDGFRb-PDPN-CAV1-","12","255","88.5192810457516","1",TRUE
"103","TAFs1","PanCK-Vim+MUC1+","6","12","aSMA+CD90-PDGFRb-PDPN-CAV1+","13","14","81.9821428571429","0.982",TRUE
"104","TAFs1","PanCK-Vim+MUC1+","6","12","aSMA+CD90-PDGFRb-PDPN-CAV1-","14","72","31.8819444444444","0.91",FALSE
"105","TAFs1","PanCK-Vim+MUC1+","6","12","CD90+PDGFRb-PDPN-CAV1-","15","358","3.20600558659218","0",TRUE
"106","TAFs1","PanCK-Vim+MUC1+","6","12","CD90-PDGFRb+PDPN-CAV1-","16","145","0","0",TRUE
"107","TAFs1","PanCK-Vim+MUC1+","6","12","CD90-PDGFRb-PDPN+CAV1-","17","482","1.58748271092669","0",TRUE
"108","TAFs1","PanCK-Vim+MUC1+","6","12","CD90-PDGFRb-PDPN-CAV1+","18","107","7.15109034267913","0.014",TRUE
"109","TAFs1","PanCK-Vim+MUC1-","7","170","PanCK+Vim+MUC1+","1","69","15.2641943734015","0.054",FALSE
"110","TAFs1","PanCK-Vim+MUC1-","7","170","PanCK+Vim+MUC1-","2","65","21.6047058823529","0.758",FALSE
"111","TAFs1","PanCK-Vim+MUC1-","7","170","PanCK+Vim-MUC1+","3","955","13.4605235602094","0",TRUE
"112","TAFs1","PanCK-Vim+MUC1-","7","170","PanCK+Vim-MUC1-","4","358","12.5222806441012","0",TRUE
"113","TAFs1","PanCK-Vim+MUC1-","7","170","PanCK-Vim-MUC1-","5","518","18.6642970701794","0.116",FALSE
"114","TAFs1","PanCK-Vim+MUC1-","7","170","PanCK-Vim+MUC1+","6","12","54.0117647058823","1",TRUE
"115","TAFs1","PanCK-Vim+MUC1-","7","170","PanCK-Vim+MUC1-","7","170","85.8115906717717","1",TRUE
"116","TAFs1","PanCK-Vim+MUC1-","7","170","PanCK-Vim-MUC1+","8","105","13.1171428571429","0.004",TRUE
"117","TAFs1","PanCK-Vim+MUC1-","7","170","aSMA+CD90+PDGFRb+PDPN+CAV1+","9","807","23.8602157591661","1",TRUE
"118","TAFs1","PanCK-Vim+MUC1-","7","170","aSMA+CD90+PDGFRb-PDPN+CAV1+","10","41","10.5388809182209","0.006",TRUE
"119","TAFs1","PanCK-Vim+MUC1-","7","170","aSMA+CD90+PDGFRb-PDPN-CAV1+","11","59","30.6676969092722","1",TRUE
"120","TAFs1","PanCK-Vim+MUC1-","7","170","aSMA+CD90+PDGFRb-PDPN-CAV1-","12","255","27.9590311418685","1",TRUE
"121","TAFs1","PanCK-Vim+MUC1-","7","170","aSMA+CD90-PDGFRb-PDPN-CAV1+","13","14","19.2899159663866","0.402",FALSE
"122","TAFs1","PanCK-Vim+MUC1-","7","170","aSMA+CD90-PDGFRb-PDPN-CAV1-","14","72","22.1298202614379","0.818",FALSE
"123","TAFs1","PanCK-Vim+MUC1-","7","170","CD90+PDGFRb-PDPN-CAV1-","15","358","13.27663489977","0",TRUE
"124","TAFs1","PanCK-Vim+MUC1-","7","170","CD90-PDGFRb+PDPN-CAV1-","16","145","21.6047058823529","0.814",FALSE
"125","TAFs1","PanCK-Vim+MUC1-","7","170","CD90-PDGFRb-PDPN+CAV1-","17","482","13.0547107639736","0",TRUE
"126","TAFs1","PanCK-Vim+MUC1-","7","170","CD90-PDGFRb-PDPN-CAV1+","18","107","10.3480483782298","0",TRUE
"127","TAFs1","PanCK-Vim-MUC1+","8","105","PanCK+Vim+MUC1+","1","69","19.6440303657695","0.448",FALSE
"128","TAFs1","PanCK-Vim-MUC1+","8","105","PanCK+Vim+MUC1-","2","65","12.7808058608059","0.008",TRUE
"129","TAFs1","PanCK-Vim-MUC1+","8","105","PanCK+Vim-MUC1+","3","955","16.436489653453","0",TRUE
"130","TAFs1","PanCK-Vim-MUC1+","8","105","PanCK+Vim-MUC1-","4","358","17.3429635541367","0.04",TRUE
"131","TAFs1","PanCK-Vim-MUC1+","8","105","PanCK-Vim-MUC1-","5","518","33.4259238830667","1",TRUE
"132","TAFs1","PanCK-Vim-MUC1+","8","105","PanCK-Vim+MUC1+","6","12","116.596825396825","1",TRUE
"133","TAFs1","PanCK-Vim-MUC1+","8","105","PanCK-Vim+MUC1-","7","170","12.6027450980392","0",TRUE
"134","TAFs1","PanCK-Vim-MUC1+","8","105","PanCK-Vim-MUC1+","8","105","155.976282051282","1",TRUE
"135","TAFs1","PanCK-Vim-MUC1+","8","105","aSMA+CD90+PDGFRb+PDPN+CAV1+","9","807","8.93981235616923","0",TRUE
"136","TAFs1","PanCK-Vim-MUC1+","8","105","aSMA+CD90+PDGFRb-PDPN+CAV1+","10","41","6.398606271777","0",TRUE
"137","TAFs1","PanCK-Vim-MUC1+","8","105","aSMA+CD90+PDGFRb-PDPN-CAV1+","11","59","12.598385794996","0.012",TRUE
"138","TAFs1","PanCK-Vim-MUC1+","8","105","aSMA+CD90+PDGFRb-PDPN-CAV1-","12","255","18.0039215686275","0.122",FALSE
"139","TAFs1","PanCK-Vim-MUC1+","8","105","aSMA+CD90-PDGFRb-PDPN-CAV1+","13","14","24.9850340136054","0.828",FALSE
"140","TAFs1","PanCK-Vim-MUC1+","8","105","aSMA+CD90-PDGFRb-PDPN-CAV1-","14","72","10.9309523809524","0",TRUE
"141","TAFs1","PanCK-Vim-MUC1+","8","105","CD90+PDGFRb-PDPN-CAV1-","15","358","15.9994945464219","0",TRUE
"142","TAFs1","PanCK-Vim-MUC1+","8","105","CD90-PDGFRb+PDPN-CAV1-","16","145","8.7447619047619","0",TRUE
"143","TAFs1","PanCK-Vim-MUC1+","8","105","CD90-PDGFRb-PDPN+CAV1-","17","482","17.779806362379","0.038",TRUE
"144","TAFs1","PanCK-Vim-MUC1+","8","105","CD90-PDGFRb-PDPN-CAV1+","18","107","10.6244770805518","0",TRUE
"145","TAFs1","aSMA+CD90+PDGFRb+PDPN+CAV1+","9","807","PanCK+Vim+MUC1+","1","69","15.8301815634933","0.004",TRUE
"146","TAFs1","aSMA+CD90+PDGFRb+PDPN+CAV1+","9","807","PanCK+Vim+MUC1-","2","65","8.40217329139262","0",TRUE
"147","TAFs1","aSMA+CD90+PDGFRb+PDPN+CAV1+","9","807","PanCK+Vim-MUC1+","3","955","10.75245398574","0",TRUE
"148","TAFs1","aSMA+CD90+PDGFRb+PDPN+CAV1+","9","807","PanCK+Vim-MUC1-","4","358","4.38591098834915","0",TRUE
"149","TAFs1","aSMA+CD90+PDGFRb+PDPN+CAV1+","9","807","PanCK-Vim-MUC1-","5","518","8.13808471243415","0",TRUE
"150","TAFs1","aSMA+CD90+PDGFRb+PDPN+CAV1+","9","807","PanCK-Vim+MUC1+","6","12","20.8595621643949","0.58",FALSE
"151","TAFs1","aSMA+CD90+PDGFRb+PDPN+CAV1+","9","807","PanCK-Vim+MUC1-","7","170","23.7932866827028","1",TRUE
"152","TAFs1","aSMA+CD90+PDGFRb+PDPN+CAV1+","9","807","PanCK-Vim-MUC1+","8","105","10.5652327845636","0",TRUE
"153","TAFs1","aSMA+CD90+PDGFRb+PDPN+CAV1+","9","807","aSMA+CD90+PDGFRb+PDPN+CAV1+","9","807","64.3150227076357","1",TRUE
"154","TAFs1","aSMA+CD90+PDGFRb+PDPN+CAV1+","9","807","aSMA+CD90+PDGFRb-PDPN+CAV1+","10","41","16.6506482908695","0.032",TRUE
"155","TAFs1","aSMA+CD90+PDGFRb+PDPN+CAV1+","9","807","aSMA+CD90+PDGFRb-PDPN-CAV1+","11","59","34.0374057505303","1",TRUE
"156","TAFs1","aSMA+CD90+PDGFRb+PDPN+CAV1+","9","807","aSMA+CD90+PDGFRb-PDPN-CAV1-","12","255","22.5997181524407","1",TRUE
"157","TAFs1","aSMA+CD90+PDGFRb+PDPN+CAV1+","9","807","aSMA+CD90-PDGFRb-PDPN-CAV1+","13","14","50.7943883873252","1",TRUE
"158","TAFs1","aSMA+CD90+PDGFRb+PDPN+CAV1+","9","807","aSMA+CD90-PDGFRb-PDPN-CAV1-","14","72","36.1881798155032","1",TRUE
"159","TAFs1","aSMA+CD90+PDGFRb+PDPN+CAV1+","9","807","CD90+PDGFRb-PDPN-CAV1-","15","358","4.49714786124207","0",TRUE
"160","TAFs1","aSMA+CD90+PDGFRb+PDPN+CAV1+","9","807","CD90-PDGFRb+PDPN-CAV1-","16","145","7.92532581292997","0",TRUE
"161","TAFs1","aSMA+CD90+PDGFRb+PDPN+CAV1+","9","807","CD90-PDGFRb-PDPN+CAV1-","17","482","4.08378452030213","0",TRUE
"162","TAFs1","aSMA+CD90+PDGFRb+PDPN+CAV1+","9","807","CD90-PDGFRb-PDPN-CAV1+","18","107","3.61542113979316","0",TRUE
"163","TAFs1","aSMA+CD90+PDGFRb-PDPN+CAV1+","10","41","PanCK+Vim+MUC1+","1","69","16.2283492400141","0.324",FALSE
"164","TAFs1","aSMA+CD90+PDGFRb-PDPN+CAV1+","10","41","PanCK+Vim+MUC1-","2","65","6.89080675422139","0.01",TRUE
"165","TAFs1","aSMA+CD90+PDGFRb-PDPN+CAV1+","10","41","PanCK+Vim-MUC1+","3","955","16.1807687396246","0",TRUE
"166","TAFs1","aSMA+CD90+PDGFRb-PDPN+CAV1+","10","41","PanCK+Vim-MUC1-","4","358","30.0269791524731","1",TRUE
"167","TAFs1","aSMA+CD90+PDGFRb-PDPN+CAV1+","10","41","PanCK-Vim-MUC1-","5","518","19.4552217722949","0.44",FALSE
"168","TAFs1","aSMA+CD90+PDGFRb-PDPN+CAV1+","10","41","PanCK-Vim+MUC1+","6","12","0","0.002",TRUE
"169","TAFs1","aSMA+CD90+PDGFRb-PDPN+CAV1+","10","41","PanCK-Vim+MUC1-","7","170","9.88020086083214","0",TRUE
"170","TAFs1","aSMA+CD90+PDGFRb-PDPN+CAV1+","10","41","PanCK-Vim-MUC1+","8","105","17.062950058072","0.288",FALSE
"171","TAFs1","aSMA+CD90+PDGFRb-PDPN+CAV1+","10","41","aSMA+CD90+PDGFRb+PDPN+CAV1+","9","807","18.0382023151087","0.086",FALSE
"172","TAFs1","aSMA+CD90+PDGFRb-PDPN+CAV1+","10","41","aSMA+CD90+PDGFRb-PDPN+CAV1+","10","41","260.343292682927","1",TRUE
"173","TAFs1","aSMA+CD90+PDGFRb-PDPN+CAV1+","10","41","aSMA+CD90+PDGFRb-PDPN-CAV1+","11","59","13.2852418354692","0.178",FALSE
"174","TAFs1","aSMA+CD90+PDGFRb-PDPN+CAV1+","10","41","aSMA+CD90+PDGFRb-PDPN-CAV1-","12","255","13.6127211860354","0.008",TRUE
"175","TAFs1","aSMA+CD90+PDGFRb-PDPN+CAV1+","10","41","aSMA+CD90-PDGFRb-PDPN-CAV1+","13","14","15.9965156794425","0.574",FALSE
"176","TAFs1","aSMA+CD90+PDGFRb-PDPN+CAV1+","10","41","aSMA+CD90-PDGFRb-PDPN-CAV1-","14","72","20.2178184281843","0.476",FALSE
"177","TAFs1","aSMA+CD90+PDGFRb-PDPN+CAV1+","10","41","CD90+PDGFRb-PDPN-CAV1-","15","358","20.330767134487","0.508",FALSE
"178","TAFs1","aSMA+CD90+PDGFRb-PDPN+CAV1+","10","41","CD90-PDGFRb+PDPN-CAV1-","16","145","5.40571909167368","0",TRUE
"179","TAFs1","aSMA+CD90+PDGFRb-PDPN+CAV1+","10","41","CD90-PDGFRb-PDPN+CAV1-","17","482","20.9083088756199","0.642",FALSE
"180","TAFs1","aSMA+CD90+PDGFRb-PDPN+CAV1+","10","41","CD90-PDGFRb-PDPN-CAV1+","18","107","13.604513334853","0.06",FALSE
"181","TAFs1","aSMA+CD90+PDGFRb-PDPN-CAV1+","11","59","PanCK+Vim+MUC1+","1","69","14.6605256693687","0.164",FALSE
"182","TAFs1","aSMA+CD90+PDGFRb-PDPN-CAV1+","11","59","PanCK+Vim+MUC1-","2","65","11.9713168187744","0.052",FALSE
"183","TAFs1","aSMA+CD90+PDGFRb-PDPN-CAV1+","11","59","PanCK+Vim-MUC1+","3","955","9.85910018635194","0",TRUE
"184","TAFs1","aSMA+CD90+PDGFRb-PDPN-CAV1+","11","59","PanCK+Vim-MUC1-","4","358","9.12896506012688","0",TRUE
"185","TAFs1","aSMA+CD90+PDGFRb-PDPN-CAV1+","11","59","PanCK-Vim-MUC1-","5","518","10.2149074013481","0",TRUE
"186","TAFs1","aSMA+CD90+PDGFRb-PDPN-CAV1+","11","59","PanCK-Vim+MUC1+","6","12","38.906779661017","0.922",FALSE
"187","TAFs1","aSMA+CD90+PDGFRb-PDPN-CAV1+","11","59","PanCK-Vim+MUC1-","7","170","28.8367896311067","0.992",TRUE
"188","TAFs1","aSMA+CD90+PDGFRb-PDPN-CAV1+","11","59","PanCK-Vim-MUC1+","8","105","11.8573042776433","0.008",TRUE
"189","TAFs1","aSMA+CD90+PDGFRb-PDPN-CAV1+","11","59","aSMA+CD90+PDGFRb+PDPN+CAV1+","9","807","29.794782937433","1",TRUE
"190","TAFs1","aSMA+CD90+PDGFRb-PDPN-CAV1+","11","59","aSMA+CD90+PDGFRb-PDPN+CAV1+","10","41","11.3873501446879","0.048",TRUE
"191","TAFs1","aSMA+CD90+PDGFRb-PDPN-CAV1+","11","59","aSMA+CD90+PDGFRb-PDPN-CAV1+","11","59","299.179719462303","1",TRUE
"192","TAFs1","aSMA+CD90+PDGFRb-PDPN-CAV1+","11","59","aSMA+CD90+PDGFRb-PDPN-CAV1-","12","255","54.9272183449651","1",TRUE
"193","TAFs1","aSMA+CD90+PDGFRb-PDPN-CAV1+","11","59","aSMA+CD90-PDGFRb-PDPN-CAV1+","13","14","11.1162227602906","0.132",FALSE
"194","TAFs1","aSMA+CD90+PDGFRb-PDPN-CAV1+","11","59","aSMA+CD90-PDGFRb-PDPN-CAV1-","14","72","56.19868173258","1",TRUE
"195","TAFs1","aSMA+CD90+PDGFRb-PDPN-CAV1+","11","59","CD90+PDGFRb-PDPN-CAV1-","15","358","3.47770097528643","0",TRUE
"196","TAFs1","aSMA+CD90+PDGFRb-PDPN-CAV1+","11","59","CD90-PDGFRb+PDPN-CAV1-","16","145","9.1229690239626","0",TRUE
"197","TAFs1","aSMA+CD90+PDGFRb-PDPN-CAV1+","11","59","CD90-PDGFRb-PDPN+CAV1-","17","482","5.00460651241297","0",TRUE
"198","TAFs1","aSMA+CD90+PDGFRb-PDPN-CAV1+","11","59","CD90-PDGFRb-PDPN-CAV1+","18","107","3.63614763187074","0",TRUE
"199","TAFs1","aSMA+CD90+PDGFRb-PDPN-CAV1-","12","255","PanCK+Vim+MUC1+","1","69","13.8290991759022","0",TRUE
"200","TAFs1","aSMA+CD90+PDGFRb-PDPN-CAV1-","12","255","PanCK+Vim+MUC1-","2","65","13.5721870286576","0.004",TRUE
"201","TAFs1","aSMA+CD90+PDGFRb-PDPN-CAV1-","12","255","PanCK+Vim-MUC1+","3","955","8.67204599117134","0",TRUE
"202","TAFs1","aSMA+CD90+PDGFRb-PDPN-CAV1-","12","255","PanCK+Vim-MUC1-","4","358","7.74470369153248","0",TRUE
"203","TAFs1","aSMA+CD90+PDGFRb-PDPN-CAV1-","12","255","PanCK-Vim-MUC1-","5","518","13.5898326898327","0",TRUE
"204","TAFs1","aSMA+CD90+PDGFRb-PDPN-CAV1-","12","255","PanCK-Vim+MUC1+","6","12","97.5212418300653","1",TRUE
"205","TAFs1","aSMA+CD90+PDGFRb-PDPN-CAV1-","12","255","PanCK-Vim+MUC1-","7","170","27.9590311418685","1",TRUE
"206","TAFs1","aSMA+CD90+PDGFRb-PDPN-CAV1-","12","255","PanCK-Vim-MUC1+","8","105","19.3756489262372","0.334",FALSE
"207","TAFs1","aSMA+CD90+PDGFRb-PDPN-CAV1-","12","255","aSMA+CD90+PDGFRb+PDPN+CAV1+","9","807","23.3805573778458","1",TRUE
"208","TAFs1","aSMA+CD90+PDGFRb-PDPN-CAV1-","12","255","aSMA+CD90+PDGFRb-PDPN+CAV1+","10","41","10.0997608799617","0",TRUE
"209","TAFs1","aSMA+CD90+PDGFRb-PDPN-CAV1-","12","255","aSMA+CD90+PDGFRb-PDPN-CAV1+","11","59","58.2838816882685","1",TRUE
"210","TAFs1","aSMA+CD90+PDGFRb-PDPN-CAV1-","12","255","aSMA+CD90+PDGFRb-PDPN-CAV1-","12","255","98.9506870464721","1",TRUE
"211","TAFs1","aSMA+CD90+PDGFRb-PDPN-CAV1-","12","255","aSMA+CD90-PDGFRb-PDPN-CAV1+","13","14","16.7179271708683","0.31",FALSE
"212","TAFs1","aSMA+CD90+PDGFRb-PDPN-CAV1-","12","255","aSMA+CD90-PDGFRb-PDPN-CAV1-","14","72","44.7597494553377","1",TRUE
"213","TAFs1","aSMA+CD90+PDGFRb-PDPN-CAV1-","12","255","CD90+PDGFRb-PDPN-CAV1-","15","358","14.88592397853","0",TRUE
"214","TAFs1","aSMA+CD90+PDGFRb-PDPN-CAV1-","12","255","CD90-PDGFRb+PDPN-CAV1-","16","145","7.32573360378634","0",TRUE
"215","TAFs1","aSMA+CD90+PDGFRb-PDPN-CAV1-","12","255","CD90-PDGFRb-PDPN+CAV1-","17","482","10.3840045561793","0",TRUE
"216","TAFs1","aSMA+CD90+PDGFRb-PDPN-CAV1-","12","255","CD90-PDGFRb-PDPN-CAV1+","18","107","11.4417445482866","0",TRUE
"217","TAFs1","aSMA+CD90-PDGFRb-PDPN-CAV1+","13","14","PanCK+Vim+MUC1+","1","69","4.75258799171843","0.012",TRUE
"218","TAFs1","aSMA+CD90-PDGFRb-PDPN-CAV1+","13","14","PanCK+Vim+MUC1-","2","65","10.0901098901099","0.068",FALSE
"219","TAFs1","aSMA+CD90-PDGFRb-PDPN-CAV1+","13","14","PanCK+Vim-MUC1+","3","955","20.602842183994","0.668",FALSE
"220","TAFs1","aSMA+CD90-PDGFRb-PDPN-CAV1+","13","14","PanCK+Vim-MUC1-","4","358","4.58000798084597","0",TRUE
"221","TAFs1","aSMA+CD90-PDGFRb-PDPN-CAV1+","13","14","PanCK-Vim-MUC1-","5","518","7.59680088251517","0",TRUE
"222","TAFs1","aSMA+CD90-PDGFRb-PDPN-CAV1+","13","14","PanCK-Vim+MUC1+","6","12","109.309523809524","0.998",TRUE
"223","TAFs1","aSMA+CD90-PDGFRb-PDPN-CAV1+","13","14","PanCK-Vim+MUC1-","7","170","19.2899159663866","0.396",FALSE
"224","TAFs1","aSMA+CD90-PDGFRb-PDPN-CAV1+","13","14","PanCK-Vim-MUC1+","8","105","34.3544217687075","0.964",TRUE
"225","TAFs1","aSMA+CD90-PDGFRb-PDPN-CAV1+","13","14","aSMA+CD90+PDGFRb+PDPN+CAV1+","9","807","48.3562577447336","1",TRUE
"226","TAFs1","aSMA+CD90-PDGFRb-PDPN-CAV1+","13","14","aSMA+CD90+PDGFRb-PDPN+CAV1+","10","41","7.99825783972125","0.308",FALSE
"227","TAFs1","aSMA+CD90-PDGFRb-PDPN-CAV1+","13","14","aSMA+CD90+PDGFRb-PDPN-CAV1+","11","59","11.1162227602906","0.112",FALSE
"228","TAFs1","aSMA+CD90-PDGFRb-PDPN-CAV1+","13","14","aSMA+CD90+PDGFRb-PDPN-CAV1-","12","255","16.7179271708683","0.304",FALSE
"229","TAFs1","aSMA+CD90-PDGFRb-PDPN-CAV1+","13","14","aSMA+CD90-PDGFRb-PDPN-CAV1+","13","14","302.703296703297","1",TRUE
"230","TAFs1","aSMA+CD90-PDGFRb-PDPN-CAV1+","13","14","aSMA+CD90-PDGFRb-PDPN-CAV1-","14","72","77.4275793650794","1",TRUE
"231","TAFs1","aSMA+CD90-PDGFRb-PDPN-CAV1+","13","14","CD90+PDGFRb-PDPN-CAV1-","15","358","3.66400638467678","0",TRUE
"232","TAFs1","aSMA+CD90-PDGFRb-PDPN-CAV1+","13","14","CD90-PDGFRb+PDPN-CAV1-","16","145","2.2615763546798","0",TRUE
"233","TAFs1","aSMA+CD90-PDGFRb-PDPN-CAV1+","13","14","CD90-PDGFRb-PDPN+CAV1-","17","482","3.40174866627149","0",TRUE
"234","TAFs1","aSMA+CD90-PDGFRb-PDPN-CAV1+","13","14","CD90-PDGFRb-PDPN-CAV1+","18","107","3.06475300400534","0.002",TRUE
"235","TAFs1","aSMA+CD90-PDGFRb-PDPN-CAV1-","14","72","PanCK+Vim+MUC1+","1","69","5.54468599033816","0",TRUE
"236","TAFs1","aSMA+CD90-PDGFRb-PDPN-CAV1-","14","72","PanCK+Vim+MUC1-","2","65","3.92393162393162","0",TRUE
"237","TAFs1","aSMA+CD90-PDGFRb-PDPN-CAV1-","14","72","PanCK+Vim-MUC1+","3","955","13.1533885980221","0",TRUE
"238","TAFs1","aSMA+CD90-PDGFRb-PDPN-CAV1-","14","72","PanCK+Vim-MUC1-","4","358","10.8647967101179","0",TRUE
"239","TAFs1","aSMA+CD90-PDGFRb-PDPN-CAV1-","14","72","PanCK-Vim-MUC1-","5","518","9.72460853710854","0",TRUE
"240","TAFs1","aSMA+CD90-PDGFRb-PDPN-CAV1-","14","72","PanCK-Vim+MUC1+","6","12","42.5092592592593","0.956",TRUE
"241","TAFs1","aSMA+CD90-PDGFRb-PDPN-CAV1-","14","72","PanCK-Vim+MUC1-","7","170","22.8799836601307","0.87",FALSE
"242","TAFs1","aSMA+CD90-PDGFRb-PDPN-CAV1-","14","72","PanCK-Vim-MUC1+","8","105","12.7527777777778","0.014",TRUE
"243","TAFs1","aSMA+CD90-PDGFRb-PDPN-CAV1-","14","72","aSMA+CD90+PDGFRb+PDPN+CAV1+","9","807","35.9511393363624","1",TRUE
"244","TAFs1","aSMA+CD90-PDGFRb-PDPN-CAV1-","14","72","aSMA+CD90+PDGFRb-PDPN+CAV1+","10","41","13.9969512195122","0.094",FALSE
"245","TAFs1","aSMA+CD90-PDGFRb-PDPN-CAV1-","14","72","aSMA+CD90+PDGFRb-PDPN-CAV1+","11","59","56.19868173258","1",TRUE
"246","TAFs1","aSMA+CD90-PDGFRb-PDPN-CAV1-","14","72","aSMA+CD90+PDGFRb-PDPN-CAV1-","12","255","41.0089324618736","1",TRUE
"247","TAFs1","aSMA+CD90-PDGFRb-PDPN-CAV1-","14","72","aSMA+CD90-PDGFRb-PDPN-CAV1+","13","14","68.3184523809524","1",TRUE
"248","TAFs1","aSMA+CD90-PDGFRb-PDPN-CAV1-","14","72","aSMA+CD90-PDGFRb-PDPN-CAV1-","14","72","131.120109546166","1",TRUE
"249","TAFs1","aSMA+CD90-PDGFRb-PDPN-CAV1-","14","72","CD90+PDGFRb-PDPN-CAV1-","15","358","9.79612818125388","0",TRUE
"250","TAFs1","aSMA+CD90-PDGFRb-PDPN-CAV1-","14","72","CD90-PDGFRb+PDPN-CAV1-","16","145","11.4335249042146","0",TRUE
"251","TAFs1","aSMA+CD90-PDGFRb-PDPN-CAV1-","14","72","CD90-PDGFRb-PDPN+CAV1-","17","482","8.86344513600738","0",TRUE
"252","TAFs1","aSMA+CD90-PDGFRb-PDPN-CAV1-","14","72","CD90-PDGFRb-PDPN-CAV1+","18","107","8.34293873312565","0",TRUE
"253","TAFs1","CD90+PDGFRb-PDPN-CAV1-","15","358","PanCK+Vim+MUC1+","1","69","26.7631770706825","1",TRUE
"254","TAFs1","CD90+PDGFRb-PDPN-CAV1-","15","358","PanCK+Vim+MUC1-","2","65","23.8724108293941","0.978",TRUE
"255","TAFs1","CD90+PDGFRb-PDPN-CAV1-","15","358","PanCK+Vim-MUC1+","3","955","19.0413232326187","0.024",TRUE
"256","TAFs1","CD90+PDGFRb-PDPN-CAV1-","15","358","PanCK+Vim-MUC1-","4","358","23.3913033301083","1",TRUE
"257","TAFs1","CD90+PDGFRb-PDPN-CAV1-","15","358","PanCK-Vim-MUC1-","5","518","21.3898751105455","0.99",TRUE
"258","TAFs1","CD90+PDGFRb-PDPN-CAV1-","15","358","PanCK-Vim+MUC1+","6","12","8.54934823091248","0.004",TRUE
"259","TAFs1","CD90+PDGFRb-PDPN-CAV1-","15","358","PanCK-Vim+MUC1-","7","170","14.3327308577062","0",TRUE
"260","TAFs1","CD90+PDGFRb-PDPN-CAV1-","15","358","PanCK-Vim-MUC1+","8","105","16.7322958233573","0.016",TRUE
"261","TAFs1","CD90+PDGFRb-PDPN-CAV1-","15","358","aSMA+CD90+PDGFRb+PDPN+CAV1+","9","807","5.46649775359459","0",TRUE
"262","TAFs1","CD90+PDGFRb-PDPN-CAV1-","15","358","aSMA+CD90+PDGFRb-PDPN+CAV1+","10","41","23.7713584957079","0.928",FALSE
"263","TAFs1","CD90+PDGFRb-PDPN-CAV1-","15","358","aSMA+CD90+PDGFRb-PDPN-CAV1+","11","59","5.65126408484045","0",TRUE
"264","TAFs1","CD90+PDGFRb-PDPN-CAV1-","15","358","aSMA+CD90+PDGFRb-PDPN-CAV1-","12","255","17.0484061781137","0.004",TRUE
"265","TAFs1","CD90+PDGFRb-PDPN-CAV1-","15","358","aSMA+CD90-PDGFRb-PDPN-CAV1+","13","14","4.58000798084597","0",TRUE
"266","TAFs1","CD90+PDGFRb-PDPN-CAV1-","15","358","aSMA+CD90-PDGFRb-PDPN-CAV1-","14","72","9.97423960273122","0",TRUE
"267","TAFs1","CD90+PDGFRb-PDPN-CAV1-","15","358","CD90+PDGFRb-PDPN-CAV1-","15","358","41.0943461183356","1",TRUE
"268","TAFs1","CD90+PDGFRb-PDPN-CAV1-","15","358","CD90-PDGFRb+PDPN-CAV1-","16","145","25.0289539587748","1",TRUE
"269","TAFs1","CD90+PDGFRb-PDPN-CAV1-","15","358","CD90-PDGFRb-PDPN+CAV1-","17","482","28.5746887966805","1",TRUE
"270","TAFs1","CD90+PDGFRb-PDPN-CAV1-","15","358","CD90-PDGFRb-PDPN-CAV1+","18","107","33.3184879653318","1",TRUE
"271","TAFs1","CD90-PDGFRb+PDPN-CAV1-","16","145","PanCK+Vim+MUC1+","1","69","15.1427286356822","0.038",TRUE
"272","TAFs1","CD90-PDGFRb+PDPN-CAV1-","16","145","PanCK+Vim+MUC1-","2","65","27.2780901856764","0.982",TRUE
"273","TAFs1","CD90-PDGFRb+PDPN-CAV1-","16","145","PanCK+Vim-MUC1+","3","955","18.3010074020581","0.012",TRUE
"274","TAFs1","CD90-PDGFRb+PDPN-CAV1-","16","145","PanCK+Vim-MUC1-","4","358","26.7977846272395","1",TRUE
"275","TAFs1","CD90-PDGFRb+PDPN-CAV1-","16","145","PanCK-Vim-MUC1-","5","518","22.9213819731061","1",TRUE
"276","TAFs1","CD90-PDGFRb+PDPN-CAV1-","16","145","PanCK-Vim+MUC1+","6","12","0","0",TRUE
"277","TAFs1","CD90-PDGFRb+PDPN-CAV1-","16","145","PanCK-Vim+MUC1-","7","170","20.4872210953347","0.57",FALSE
"278","TAFs1","CD90-PDGFRb+PDPN-CAV1-","16","145","PanCK-Vim-MUC1+","8","105","8.4432183908046","0",TRUE
"279","TAFs1","CD90-PDGFRb+PDPN-CAV1-","16","145","aSMA+CD90+PDGFRb+PDPN+CAV1+","9","807","9.45546297483228","0",TRUE
"280","TAFs1","CD90-PDGFRb+PDPN-CAV1-","16","145","aSMA+CD90+PDGFRb-PDPN+CAV1+","10","41","7.72245584524811","0.004",TRUE
"281","TAFs1","CD90-PDGFRb+PDPN-CAV1-","16","145","aSMA+CD90+PDGFRb-PDPN-CAV1+","11","59","15.0260666277031","0.048",TRUE
"282","TAFs1","CD90-PDGFRb+PDPN-CAV1-","16","145","aSMA+CD90+PDGFRb-PDPN-CAV1-","12","255","8.31905341446924","0",TRUE
"283","TAFs1","CD90-PDGFRb+PDPN-CAV1-","16","145","aSMA+CD90-PDGFRb-PDPN-CAV1+","13","14","2.2615763546798","0.008",TRUE
"284","TAFs1","CD90-PDGFRb+PDPN-CAV1-","16","145","aSMA+CD90-PDGFRb-PDPN-CAV1-","14","72","14.5117816091954","0.03",TRUE
"285","TAFs1","CD90-PDGFRb+PDPN-CAV1-","16","145","CD90+PDGFRb-PDPN-CAV1-","15","358","27.2399922943556","1",TRUE
"286","TAFs1","CD90-PDGFRb+PDPN-CAV1-","16","145","CD90-PDGFRb+PDPN-CAV1-","16","145","59.1465038314176","1",TRUE
"287","TAFs1","CD90-PDGFRb+PDPN-CAV1-","16","145","CD90-PDGFRb-PDPN+CAV1-","17","482","26.2098869652311","1",TRUE
"288","TAFs1","CD90-PDGFRb+PDPN-CAV1-","16","145","CD90-PDGFRb-PDPN-CAV1+","18","107","25.7439252336449","0.984",TRUE
"289","TAFs1","CD90-PDGFRb-PDPN+CAV1-","17","482","PanCK+Vim+MUC1+","1","69","16.4269950087197","0.02",TRUE
"290","TAFs1","CD90-PDGFRb-PDPN+CAV1-","17","482","PanCK+Vim+MUC1-","2","65","30.3331311841685","1",TRUE
"291","TAFs1","CD90-PDGFRb-PDPN+CAV1-","17","482","PanCK+Vim-MUC1+","3","955","17.872894353805","0",TRUE
"292","TAFs1","CD90-PDGFRb-PDPN+CAV1-","17","482","PanCK+Vim-MUC1-","4","358","25.4618037043047","1",TRUE
"293","TAFs1","CD90-PDGFRb-PDPN+CAV1-","17","482","PanCK-Vim-MUC1-","5","518","20.4840433201429","0.816",FALSE
"294","TAFs1","CD90-PDGFRb-PDPN+CAV1-","17","482","PanCK-Vim+MUC1+","6","12","2.38122406639004","0",TRUE
"295","TAFs1","CD90-PDGFRb-PDPN+CAV1-","17","482","PanCK-Vim+MUC1-","7","170","15.0717476202099","0",TRUE
"296","TAFs1","CD90-PDGFRb-PDPN+CAV1-","17","482","PanCK-Vim-MUC1+","8","105","23.5854574194823","1",TRUE
"297","TAFs1","CD90-PDGFRb-PDPN+CAV1-","17","482","aSMA+CD90+PDGFRb+PDPN+CAV1+","9","807","5.55914019960203","0",TRUE
"298","TAFs1","CD90-PDGFRb-PDPN+CAV1-","17","482","aSMA+CD90+PDGFRb-PDPN+CAV1+","10","41","21.3729379617448","0.71",FALSE
"299","TAFs1","CD90-PDGFRb-PDPN+CAV1-","17","482","aSMA+CD90+PDGFRb-PDPN-CAV1+","11","59","6.29611787045503","0",TRUE
"300","TAFs1","CD90-PDGFRb-PDPN+CAV1-","17","482","aSMA+CD90+PDGFRb-PDPN-CAV1-","12","255","10.9069400374258","0",TRUE
"301","TAFs1","CD90-PDGFRb-PDPN+CAV1-","17","482","aSMA+CD90-PDGFRb-PDPN-CAV1+","13","14","6.80349733254298","0",TRUE
"302","TAFs1","CD90-PDGFRb-PDPN+CAV1-","17","482","aSMA+CD90-PDGFRb-PDPN-CAV1-","14","72","11.5092496542185","0",TRUE
"303","TAFs1","CD90-PDGFRb-PDPN+CAV1-","17","482","CD90+PDGFRb-PDPN-CAV1-","15","358","28.8673532070748","1",TRUE
"304","TAFs1","CD90-PDGFRb-PDPN+CAV1-","17","482","CD90-PDGFRb+PDPN-CAV1-","16","145","27.0638431821434","1",TRUE
"305","TAFs1","CD90-PDGFRb-PDPN+CAV1-","17","482","CD90-PDGFRb-PDPN+CAV1-","17","482","39.842185626418","1",TRUE
"306","TAFs1","CD90-PDGFRb-PDPN+CAV1-","17","482","CD90-PDGFRb-PDPN-CAV1+","18","107","36.2302128979718","1",TRUE
"307","TAFs1","CD90-PDGFRb-PDPN-CAV1+","18","107","PanCK+Vim+MUC1+","1","69","19.8986861709332","0.524",FALSE
"308","TAFs1","CD90-PDGFRb-PDPN-CAV1+","18","107","PanCK+Vim+MUC1-","2","65","26.4040258806614","0.95",TRUE
"309","TAFs1","CD90-PDGFRb-PDPN-CAV1+","18","107","PanCK+Vim-MUC1+","3","955","18.1061114645007","0.01",TRUE
"310","TAFs1","CD90-PDGFRb-PDPN-CAV1+","18","107","PanCK+Vim-MUC1-","4","358","34.0375920221375","1",TRUE
"311","TAFs1","CD90-PDGFRb-PDPN-CAV1+","18","107","PanCK-Vim-MUC1-","5","518","15.2409338577563","0",TRUE
"312","TAFs1","CD90-PDGFRb-PDPN-CAV1+","18","107","PanCK-Vim+MUC1+","6","12","14.3021806853583","0.244",FALSE
"313","TAFs1","CD90-PDGFRb-PDPN-CAV1+","18","107","PanCK-Vim+MUC1-","7","170","11.6100054975261","0",TRUE
"314","TAFs1","CD90-PDGFRb-PDPN-CAV1+","18","107","PanCK-Vim-MUC1+","8","105","16.3453493546951","0.098",FALSE
"315","TAFs1","CD90-PDGFRb-PDPN-CAV1+","18","107","aSMA+CD90+PDGFRb+PDPN+CAV1+","9","807","4.8914521303084","0",TRUE
"316","TAFs1","CD90-PDGFRb-PDPN-CAV1+","18","107","aSMA+CD90+PDGFRb-PDPN+CAV1+","10","41","12.5580123090951","0.03",TRUE
"317","TAFs1","CD90-PDGFRb-PDPN-CAV1+","18","107","aSMA+CD90+PDGFRb-PDPN-CAV1+","11","59","7.27229526374149","0",TRUE
"318","TAFs1","CD90-PDGFRb-PDPN-CAV1+","18","107","aSMA+CD90+PDGFRb-PDPN-CAV1-","12","255","13.1243540406817","0",TRUE
"319","TAFs1","CD90-PDGFRb-PDPN-CAV1+","18","107","aSMA+CD90-PDGFRb-PDPN-CAV1+","13","14","6.12950600801068","0.008",TRUE
"320","TAFs1","CD90-PDGFRb-PDPN-CAV1+","18","107","aSMA+CD90-PDGFRb-PDPN-CAV1-","14","72","8.34293873312565","0",TRUE
"321","TAFs1","CD90-PDGFRb-PDPN-CAV1+","18","107","CD90+PDGFRb-PDPN-CAV1-","15","358","34.2772933744061","1",TRUE
"322","TAFs1","CD90-PDGFRb-PDPN-CAV1+","18","107","CD90-PDGFRb+PDPN-CAV1-","16","145","25.7439252336449","0.992",TRUE
"323","TAFs1","CD90-PDGFRb-PDPN-CAV1+","18","107","CD90-PDGFRb-PDPN+CAV1-","17","482","35.1620002326754","1",TRUE
"324","TAFs1","CD90-PDGFRb-PDPN-CAV1+","18","107","CD90-PDGFRb-PDPN-CAV1+","18","107","53.0260095221301","1",TRUE
